Tiêu đề khóa học,Mô tả,Giá (VNĐ),Danh mục
Khóa học Lập trình Python cơ bản,"Khóa học ""Lập trình Python cơ bản"" là lựa chọn lý tưởng dành cho những ai mong muốn tiếp cận và làm chủ công nghệ hiện đại này. Thông qua các bài giảng chi tiết, bạn sẽ nắm vững lý thuyết và áp dụng vào thực hành với các ví dụ thực tế. Khóa học được thiết kế bài bản, từ cơ bản đến nâng cao, giúp bạn từng bước phát triển kỹ năng vững chắc.

✅ Điểm nổi bật:
- Học qua video, tài liệu và bài tập tương tác
- Giảng viên là chuyên gia với nhiều năm kinh nghiệm
- Cập nhật kiến thức mới nhất, bám sát nhu cầu thị trường
- Dự án cuối khóa giúp bạn xây dựng sản phẩm thực tế

📚 Nội dung khóa học:
- Tổng quan và giới thiệu về Lập trình Python cơ bản
- Các khái niệm cốt lõi, kỹ thuật và công cụ hỗ trợ
- Các bài thực hành và dự án mô phỏng công việc thực tế
- Tối ưu kỹ năng và áp dụng vào công việc

🎓 Sau khóa học, bạn có thể:
- Ứng tuyển các vị trí liên quan đến Lập trình Python cơ bản
- Xây dựng dự án cá nhân hoặc làm freelance
- Tiếp tục học lên chuyên sâu hơn hoặc học song song công nghệ khác

Giảng viên hướng dẫn: Ray Knight",886394,Programming Foundations
Khóa học Thiết kế Web với HTML/CSS,"Khóa học ""Thiết kế Web với HTML/CSS"" là lựa chọn lý tưởng dành cho những ai mong muốn tiếp cận và làm chủ công nghệ hiện đại này. Thông qua các bài giảng chi tiết, bạn sẽ nắm vững lý thuyết và áp dụng vào thực hành với các ví dụ thực tế. Khóa học được thiết kế bài bản, từ cơ bản đến nâng cao, giúp bạn từng bước phát triển kỹ năng vững chắc.

✅ Điểm nổi bật:
- Học qua video, tài liệu và bài tập tương tác
- Giảng viên là chuyên gia với nhiều năm kinh nghiệm
- Cập nhật kiến thức mới nhất, bám sát nhu cầu thị trường
- Dự án cuối khóa giúp bạn xây dựng sản phẩm thực tế

📚 Nội dung khóa học:
- Tổng quan và giới thiệu về Thiết kế Web với HTML/CSS
- Các khái niệm cốt lõi, kỹ thuật và công cụ hỗ trợ
- Các bài thực hành và dự án mô phỏng công việc thực tế
- Tối ưu kỹ năng và áp dụng vào công việc

🎓 Sau khóa học, bạn có thể:
- Ứng tuyển các vị trí liên quan đến Thiết kế Web với HTML/CSS
- Xây dựng dự án cá nhân hoặc làm freelance
- Tiếp tục học lên chuyên sâu hơn hoặc học song song công nghệ khác

Giảng viên hướng dẫn: Victoria Harrison",958946,Frontend
Khóa học JavaScript từ A đến Z,"Khóa học ""JavaScript từ A đến Z"" là lựa chọn lý tưởng dành cho những ai mong muốn tiếp cận và làm chủ công nghệ hiện đại này. Thông qua các bài giảng chi tiết, bạn sẽ nắm vững lý thuyết và áp dụng vào thực hành với các ví dụ thực tế. Khóa học được thiết kế bài bản, từ cơ bản đến nâng cao, giúp bạn từng bước phát triển kỹ năng vững chắc.

✅ Điểm nổi bật:
- Học qua video, tài liệu và bài tập tương tác
- Giảng viên là chuyên gia với nhiều năm kinh nghiệm
- Cập nhật kiến thức mới nhất, bám sát nhu cầu thị trường
- Dự án cuối khóa giúp bạn xây dựng sản phẩm thực tế

📚 Nội dung khóa học:
- Tổng quan và giới thiệu về JavaScript từ A đến Z
- Các khái niệm cốt lõi, kỹ thuật và công cụ hỗ trợ
- Các bài thực hành và dự án mô phỏng công việc thực tế
- Tối ưu kỹ năng và áp dụng vào công việc

🎓 Sau khóa học, bạn có thể:
- Ứng tuyển các vị trí liên quan đến JavaScript từ A đến Z
- Xây dựng dự án cá nhân hoặc làm freelance
- Tiếp tục học lên chuyên sâu hơn hoặc học song song công nghệ khác

Giảng viên hướng dẫn: Megan Williams",1495162,Frontend
Khóa học Lập trình C++ nâng cao,"Khóa học ""Lập trình C++ nâng cao"" là lựa chọn lý tưởng dành cho những ai mong muốn tiếp cận và làm chủ công nghệ hiện đại này. Thông qua các bài giảng chi tiết, bạn sẽ nắm vững lý thuyết và áp dụng vào thực hành với các ví dụ thực tế. Khóa học được thiết kế bài bản, từ cơ bản đến nâng cao, giúp bạn từng bước phát triển kỹ năng vững chắc.

✅ Điểm nổi bật:
- Học qua video, tài liệu và bài tập tương tác
- Giảng viên là chuyên gia với nhiều năm kinh nghiệm
- Cập nhật kiến thức mới nhất, bám sát nhu cầu thị trường
- Dự án cuối khóa giúp bạn xây dựng sản phẩm thực tế

📚 Nội dung khóa học:
- Tổng quan và giới thiệu về Lập trình C++ nâng cao
- Các khái niệm cốt lõi, kỹ thuật và công cụ hỗ trợ
- Các bài thực hành và dự án mô phỏng công việc thực tế
- Tối ưu kỹ năng và áp dụng vào công việc

🎓 Sau khóa học, bạn có thể:
- Ứng tuyển các vị trí liên quan đến Lập trình C++ nâng cao
- Xây dựng dự án cá nhân hoặc làm freelance
- Tiếp tục học lên chuyên sâu hơn hoặc học song song công nghệ khác

Giảng viên hướng dẫn: Sandra Barr",889678,Programming Foundations
Khóa học Phát triển ứng dụng di động với Flutter,"Khóa học ""Phát triển ứng dụng di động với Flutter"" là lựa chọn lý tưởng dành cho những ai mong muốn tiếp cận và làm chủ công nghệ hiện đại này. Thông qua các bài giảng chi tiết, bạn sẽ nắm vững lý thuyết và áp dụng vào thực hành với các ví dụ thực tế. Khóa học được thiết kế bài bản, từ cơ bản đến nâng cao, giúp bạn từng bước phát triển kỹ năng vững chắc.

✅ Điểm nổi bật:
- Học qua video, tài liệu và bài tập tương tác
- Giảng viên là chuyên gia với nhiều năm kinh nghiệm
- Cập nhật kiến thức mới nhất, bám sát nhu cầu thị trường
- Dự án cuối khóa giúp bạn xây dựng sản phẩm thực tế

📚 Nội dung khóa học:
- Tổng quan và giới thiệu về Phát triển ứng dụng di động với Flutter
- Các khái niệm cốt lõi, kỹ thuật và công cụ hỗ trợ
- Các bài thực hành và dự án mô phỏng công việc thực tế
- Tối ưu kỹ năng và áp dụng vào công việc

🎓 Sau khóa học, bạn có thể:
- Ứng tuyển các vị trí liên quan đến Phát triển ứng dụng di động với Flutter
- Xây dựng dự án cá nhân hoặc làm freelance
- Tiếp tục học lên chuyên sâu hơn hoặc học song song công nghệ khác

Giảng viên hướng dẫn: Jose Hansen",1483775,Mobile
Khóa học Làm quen với SQL và cơ sở dữ liệu,"Khóa học ""Làm quen với SQL và cơ sở dữ liệu"" là lựa chọn lý tưởng dành cho những ai mong muốn tiếp cận và làm chủ công nghệ hiện đại này. Thông qua các bài giảng chi tiết, bạn sẽ nắm vững lý thuyết và áp dụng vào thực hành với các ví dụ thực tế. Khóa học được thiết kế bài bản, từ cơ bản đến nâng cao, giúp bạn từng bước phát triển kỹ năng vững chắc.

✅ Điểm nổi bật:
- Học qua video, tài liệu và bài tập tương tác
- Giảng viên là chuyên gia với nhiều năm kinh nghiệm
- Cập nhật kiến thức mới nhất, bám sát nhu cầu thị trường
- Dự án cuối khóa giúp bạn xây dựng sản phẩm thực tế

📚 Nội dung khóa học:
- Tổng quan và giới thiệu về Làm quen với SQL và cơ sở dữ liệu
- Các khái niệm cốt lõi, kỹ thuật và công cụ hỗ trợ
- Các bài thực hành và dự án mô phỏng công việc thực tế
- Tối ưu kỹ năng và áp dụng vào công việc

🎓 Sau khóa học, bạn có thể:
- Ứng tuyển các vị trí liên quan đến Làm quen với SQL và cơ sở dữ liệu
- Xây dựng dự án cá nhân hoặc làm freelance
- Tiếp tục học lên chuyên sâu hơn hoặc học song song công nghệ khác

Giảng viên hướng dẫn: Michael Cooper",822198,Data & AI
Khóa học Node.js và Express.js thực hành,"Khóa học ""Node.js và Express.js thực hành"" là lựa chọn lý tưởng dành cho những ai mong muốn tiếp cận và làm chủ công nghệ hiện đại này. Thông qua các bài giảng chi tiết, bạn sẽ nắm vững lý thuyết và áp dụng vào thực hành với các ví dụ thực tế. Khóa học được thiết kế bài bản, từ cơ bản đến nâng cao, giúp bạn từng bước phát triển kỹ năng vững chắc.

✅ Điểm nổi bật:
- Học qua video, tài liệu và bài tập tương tác
- Giảng viên là chuyên gia với nhiều năm kinh nghiệm
- Cập nhật kiến thức mới nhất, bám sát nhu cầu thị trường
- Dự án cuối khóa giúp bạn xây dựng sản phẩm thực tế

📚 Nội dung khóa học:
- Tổng quan và giới thiệu về Node.js và Express.js thực hành
- Các khái niệm cốt lõi, kỹ thuật và công cụ hỗ trợ
- Các bài thực hành và dự án mô phỏng công việc thực tế
- Tối ưu kỹ năng và áp dụng vào công việc

🎓 Sau khóa học, bạn có thể:
- Ứng tuyển các vị trí liên quan đến Node.js và Express.js thực hành
- Xây dựng dự án cá nhân hoặc làm freelance
- Tiếp tục học lên chuyên sâu hơn hoặc học song song công nghệ khác

Giảng viên hướng dẫn: Cynthia Murray",1960412,Backend
Khóa học ReactJS cho người mới bắt đầu,"Khóa học ""ReactJS cho người mới bắt đầu"" là lựa chọn lý tưởng dành cho những ai mong muốn tiếp cận và làm chủ công nghệ hiện đại này. Thông qua các bài giảng chi tiết, bạn sẽ nắm vững lý thuyết và áp dụng vào thực hành với các ví dụ thực tế. Khóa học được thiết kế bài bản, từ cơ bản đến nâng cao, giúp bạn từng bước phát triển kỹ năng vững chắc.

✅ Điểm nổi bật:
- Học qua video, tài liệu và bài tập tương tác
- Giảng viên là chuyên gia với nhiều năm kinh nghiệm
- Cập nhật kiến thức mới nhất, bám sát nhu cầu thị trường
- Dự án cuối khóa giúp bạn xây dựng sản phẩm thực tế

📚 Nội dung khóa học:
- Tổng quan và giới thiệu về ReactJS cho người mới bắt đầu
- Các khái niệm cốt lõi, kỹ thuật và công cụ hỗ trợ
- Các bài thực hành và dự án mô phỏng công việc thực tế
- Tối ưu kỹ năng và áp dụng vào công việc

🎓 Sau khóa học, bạn có thể:
- Ứng tuyển các vị trí liên quan đến ReactJS cho người mới bắt đầu
- Xây dựng dự án cá nhân hoặc làm freelance
- Tiếp tục học lên chuyên sâu hơn hoặc học song song công nghệ khác

Giảng viên hướng dẫn: William Blake",1439571,Frontend
Khóa học Thiết kế UI/UX cơ bản,"Khóa học ""Thiết kế UI/UX cơ bản"" là lựa chọn lý tưởng dành cho những ai mong muốn tiếp cận và làm chủ công nghệ hiện đại này. Thông qua các bài giảng chi tiết, bạn sẽ nắm vững lý thuyết và áp dụng vào thực hành với các ví dụ thực tế. Khóa học được thiết kế bài bản, từ cơ bản đến nâng cao, giúp bạn từng bước phát triển kỹ năng vững chắc.

✅ Điểm nổi bật:
- Học qua video, tài liệu và bài tập tương tác
- Giảng viên là chuyên gia với nhiều năm kinh nghiệm
- Cập nhật kiến thức mới nhất, bám sát nhu cầu thị trường
- Dự án cuối khóa giúp bạn xây dựng sản phẩm thực tế

📚 Nội dung khóa học:
- Tổng quan và giới thiệu về Thiết kế UI/UX cơ bản
- Các khái niệm cốt lõi, kỹ thuật và công cụ hỗ trợ
- Các bài thực hành và dự án mô phỏng công việc thực tế
- Tối ưu kỹ năng và áp dụng vào công việc

🎓 Sau khóa học, bạn có thể:
- Ứng tuyển các vị trí liên quan đến Thiết kế UI/UX cơ bản
- Xây dựng dự án cá nhân hoặc làm freelance
- Tiếp tục học lên chuyên sâu hơn hoặc học song song công nghệ khác

Giảng viên hướng dẫn: Michael Mccarty",1043625,Frontend
Khóa học Git và GitHub cơ bản,"Khóa học ""Git và GitHub cơ bản"" là lựa chọn lý tưởng dành cho những ai mong muốn tiếp cận và làm chủ công nghệ hiện đại này. Thông qua các bài giảng chi tiết, bạn sẽ nắm vững lý thuyết và áp dụng vào thực hành với các ví dụ thực tế. Khóa học được thiết kế bài bản, từ cơ bản đến nâng cao, giúp bạn từng bước phát triển kỹ năng vững chắc.

✅ Điểm nổi bật:
- Học qua video, tài liệu và bài tập tương tác
- Giảng viên là chuyên gia với nhiều năm kinh nghiệm
- Cập nhật kiến thức mới nhất, bám sát nhu cầu thị trường
- Dự án cuối khóa giúp bạn xây dựng sản phẩm thực tế

📚 Nội dung khóa học:
- Tổng quan và giới thiệu về Git và GitHub cơ bản
- Các khái niệm cốt lõi, kỹ thuật và công cụ hỗ trợ
- Các bài thực hành và dự án mô phỏng công việc thực tế
- Tối ưu kỹ năng và áp dụng vào công việc

🎓 Sau khóa học, bạn có thể:
- Ứng tuyển các vị trí liên quan đến Git và GitHub cơ bản
- Xây dựng dự án cá nhân hoặc làm freelance
- Tiếp tục học lên chuyên sâu hơn hoặc học song song công nghệ khác

Giảng viên hướng dẫn: Kimberly Kennedy",1694020,DevOps & Tools
Khóa học Java Spring Boot toàn tập,"Khóa học ""Java Spring Boot toàn tập"" là lựa chọn lý tưởng dành cho những ai mong muốn tiếp cận và làm chủ công nghệ hiện đại này. Thông qua các bài giảng chi tiết, bạn sẽ nắm vững lý thuyết và áp dụng vào thực hành với các ví dụ thực tế. Khóa học được thiết kế bài bản, từ cơ bản đến nâng cao, giúp bạn từng bước phát triển kỹ năng vững chắc.

✅ Điểm nổi bật:
- Học qua video, tài liệu và bài tập tương tác
- Giảng viên là chuyên gia với nhiều năm kinh nghiệm
- Cập nhật kiến thức mới nhất, bám sát nhu cầu thị trường
- Dự án cuối khóa giúp bạn xây dựng sản phẩm thực tế

📚 Nội dung khóa học:
- Tổng quan và giới thiệu về Java Spring Boot toàn tập
- Các khái niệm cốt lõi, kỹ thuật và công cụ hỗ trợ
- Các bài thực hành và dự án mô phỏng công việc thực tế
- Tối ưu kỹ năng và áp dụng vào công việc

🎓 Sau khóa học, bạn có thể:
- Ứng tuyển các vị trí liên quan đến Java Spring Boot toàn tập
- Xây dựng dự án cá nhân hoặc làm freelance
- Tiếp tục học lên chuyên sâu hơn hoặc học song song công nghệ khác

Giảng viên hướng dẫn: Michael Green",372971,Backend
Khóa học Phân tích dữ liệu với Python,"Khóa học ""Phân tích dữ liệu với Python"" là lựa chọn lý tưởng dành cho những ai mong muốn tiếp cận và làm chủ công nghệ hiện đại này. Thông qua các bài giảng chi tiết, bạn sẽ nắm vững lý thuyết và áp dụng vào thực hành với các ví dụ thực tế. Khóa học được thiết kế bài bản, từ cơ bản đến nâng cao, giúp bạn từng bước phát triển kỹ năng vững chắc.

✅ Điểm nổi bật:
- Học qua video, tài liệu và bài tập tương tác
- Giảng viên là chuyên gia với nhiều năm kinh nghiệm
- Cập nhật kiến thức mới nhất, bám sát nhu cầu thị trường
- Dự án cuối khóa giúp bạn xây dựng sản phẩm thực tế

📚 Nội dung khóa học:
- Tổng quan và giới thiệu về Phân tích dữ liệu với Python
- Các khái niệm cốt lõi, kỹ thuật và công cụ hỗ trợ
- Các bài thực hành và dự án mô phỏng công việc thực tế
- Tối ưu kỹ năng và áp dụng vào công việc

🎓 Sau khóa học, bạn có thể:
- Ứng tuyển các vị trí liên quan đến Phân tích dữ liệu với Python
- Xây dựng dự án cá nhân hoặc làm freelance
- Tiếp tục học lên chuyên sâu hơn hoặc học song song công nghệ khác

Giảng viên hướng dẫn: Tina Hansen",1999125,Data & AI
Khóa học Lập trình PHP và Laravel,"Khóa học ""Lập trình PHP và Laravel"" là lựa chọn lý tưởng dành cho những ai mong muốn tiếp cận và làm chủ công nghệ hiện đại này. Thông qua các bài giảng chi tiết, bạn sẽ nắm vững lý thuyết và áp dụng vào thực hành với các ví dụ thực tế. Khóa học được thiết kế bài bản, từ cơ bản đến nâng cao, giúp bạn từng bước phát triển kỹ năng vững chắc.

✅ Điểm nổi bật:
- Học qua video, tài liệu và bài tập tương tác
- Giảng viên là chuyên gia với nhiều năm kinh nghiệm
- Cập nhật kiến thức mới nhất, bám sát nhu cầu thị trường
- Dự án cuối khóa giúp bạn xây dựng sản phẩm thực tế

📚 Nội dung khóa học:
- Tổng quan và giới thiệu về Lập trình PHP và Laravel
- Các khái niệm cốt lõi, kỹ thuật và công cụ hỗ trợ
- Các bài thực hành và dự án mô phỏng công việc thực tế
- Tối ưu kỹ năng và áp dụng vào công việc

🎓 Sau khóa học, bạn có thể:
- Ứng tuyển các vị trí liên quan đến Lập trình PHP và Laravel
- Xây dựng dự án cá nhân hoặc làm freelance
- Tiếp tục học lên chuyên sâu hơn hoặc học song song công nghệ khác

Giảng viên hướng dẫn: Andrea Pena",1114875,Backend
Khóa học Machine Learning nhập môn,"Khóa học ""Machine Learning nhập môn"" là lựa chọn lý tưởng dành cho những ai mong muốn tiếp cận và làm chủ công nghệ hiện đại này. Thông qua các bài giảng chi tiết, bạn sẽ nắm vững lý thuyết và áp dụng vào thực hành với các ví dụ thực tế. Khóa học được thiết kế bài bản, từ cơ bản đến nâng cao, giúp bạn từng bước phát triển kỹ năng vững chắc.

✅ Điểm nổi bật:
- Học qua video, tài liệu và bài tập tương tác
- Giảng viên là chuyên gia với nhiều năm kinh nghiệm
- Cập nhật kiến thức mới nhất, bám sát nhu cầu thị trường
- Dự án cuối khóa giúp bạn xây dựng sản phẩm thực tế

📚 Nội dung khóa học:
- Tổng quan và giới thiệu về Machine Learning nhập môn
- Các khái niệm cốt lõi, kỹ thuật và công cụ hỗ trợ
- Các bài thực hành và dự án mô phỏng công việc thực tế
- Tối ưu kỹ năng và áp dụng vào công việc

🎓 Sau khóa học, bạn có thể:
- Ứng tuyển các vị trí liên quan đến Machine Learning nhập môn
- Xây dựng dự án cá nhân hoặc làm freelance
- Tiếp tục học lên chuyên sâu hơn hoặc học song song công nghệ khác

Giảng viên hướng dẫn: Kathryn Richardson",1148229,Data & AI
Khóa học Lập trình Android với Kotlin,"Khóa học ""Lập trình Android với Kotlin"" là lựa chọn lý tưởng dành cho những ai mong muốn tiếp cận và làm chủ công nghệ hiện đại này. Thông qua các bài giảng chi tiết, bạn sẽ nắm vững lý thuyết và áp dụng vào thực hành với các ví dụ thực tế. Khóa học được thiết kế bài bản, từ cơ bản đến nâng cao, giúp bạn từng bước phát triển kỹ năng vững chắc.

✅ Điểm nổi bật:
- Học qua video, tài liệu và bài tập tương tác
- Giảng viên là chuyên gia với nhiều năm kinh nghiệm
- Cập nhật kiến thức mới nhất, bám sát nhu cầu thị trường
- Dự án cuối khóa giúp bạn xây dựng sản phẩm thực tế

📚 Nội dung khóa học:
- Tổng quan và giới thiệu về Lập trình Android với Kotlin
- Các khái niệm cốt lõi, kỹ thuật và công cụ hỗ trợ
- Các bài thực hành và dự án mô phỏng công việc thực tế
- Tối ưu kỹ năng và áp dụng vào công việc

🎓 Sau khóa học, bạn có thể:
- Ứng tuyển các vị trí liên quan đến Lập trình Android với Kotlin
- Xây dựng dự án cá nhân hoặc làm freelance
- Tiếp tục học lên chuyên sâu hơn hoặc học song song công nghệ khác

Giảng viên hướng dẫn: Thomas Lopez",797488,Mobile
Khóa học Lập trình game bằng Unity,"Khóa học ""Lập trình game bằng Unity"" là lựa chọn lý tưởng dành cho những ai mong muốn tiếp cận và làm chủ công nghệ hiện đại này. Thông qua các bài giảng chi tiết, bạn sẽ nắm vững lý thuyết và áp dụng vào thực hành với các ví dụ thực tế. Khóa học được thiết kế bài bản, từ cơ bản đến nâng cao, giúp bạn từng bước phát triển kỹ năng vững chắc.

✅ Điểm nổi bật:
- Học qua video, tài liệu và bài tập tương tác
- Giảng viên là chuyên gia với nhiều năm kinh nghiệm
- Cập nhật kiến thức mới nhất, bám sát nhu cầu thị trường
- Dự án cuối khóa giúp bạn xây dựng sản phẩm thực tế

📚 Nội dung khóa học:
- Tổng quan và giới thiệu về Lập trình game bằng Unity
- Các khái niệm cốt lõi, kỹ thuật và công cụ hỗ trợ
- Các bài thực hành và dự án mô phỏng công việc thực tế
- Tối ưu kỹ năng và áp dụng vào công việc

🎓 Sau khóa học, bạn có thể:
- Ứng tuyển các vị trí liên quan đến Lập trình game bằng Unity
- Xây dựng dự án cá nhân hoặc làm freelance
- Tiếp tục học lên chuyên sâu hơn hoặc học song song công nghệ khác

Giảng viên hướng dẫn: Charles Hunt",1328840,Game & Software
Khóa học Kỹ thuật kiểm thử phần mềm,"Khóa học ""Kỹ thuật kiểm thử phần mềm"" là lựa chọn lý tưởng dành cho những ai mong muốn tiếp cận và làm chủ công nghệ hiện đại này. Thông qua các bài giảng chi tiết, bạn sẽ nắm vững lý thuyết và áp dụng vào thực hành với các ví dụ thực tế. Khóa học được thiết kế bài bản, từ cơ bản đến nâng cao, giúp bạn từng bước phát triển kỹ năng vững chắc.

✅ Điểm nổi bật:
- Học qua video, tài liệu và bài tập tương tác
- Giảng viên là chuyên gia với nhiều năm kinh nghiệm
- Cập nhật kiến thức mới nhất, bám sát nhu cầu thị trường
- Dự án cuối khóa giúp bạn xây dựng sản phẩm thực tế

📚 Nội dung khóa học:
- Tổng quan và giới thiệu về Kỹ thuật kiểm thử phần mềm
- Các khái niệm cốt lõi, kỹ thuật và công cụ hỗ trợ
- Các bài thực hành và dự án mô phỏng công việc thực tế
- Tối ưu kỹ năng và áp dụng vào công việc

🎓 Sau khóa học, bạn có thể:
- Ứng tuyển các vị trí liên quan đến Kỹ thuật kiểm thử phần mềm
- Xây dựng dự án cá nhân hoặc làm freelance
- Tiếp tục học lên chuyên sâu hơn hoặc học song song công nghệ khác

Giảng viên hướng dẫn: Jillian Stewart",1670147,Game & Software
Khóa học DevOps cơ bản với Docker,"Khóa học ""DevOps cơ bản với Docker"" là lựa chọn lý tưởng dành cho những ai mong muốn tiếp cận và làm chủ công nghệ hiện đại này. Thông qua các bài giảng chi tiết, bạn sẽ nắm vững lý thuyết và áp dụng vào thực hành với các ví dụ thực tế. Khóa học được thiết kế bài bản, từ cơ bản đến nâng cao, giúp bạn từng bước phát triển kỹ năng vững chắc.

✅ Điểm nổi bật:
- Học qua video, tài liệu và bài tập tương tác
- Giảng viên là chuyên gia với nhiều năm kinh nghiệm
- Cập nhật kiến thức mới nhất, bám sát nhu cầu thị trường
- Dự án cuối khóa giúp bạn xây dựng sản phẩm thực tế

📚 Nội dung khóa học:
- Tổng quan và giới thiệu về DevOps cơ bản với Docker
- Các khái niệm cốt lõi, kỹ thuật và công cụ hỗ trợ
- Các bài thực hành và dự án mô phỏng công việc thực tế
- Tối ưu kỹ năng và áp dụng vào công việc

🎓 Sau khóa học, bạn có thể:
- Ứng tuyển các vị trí liên quan đến DevOps cơ bản với Docker
- Xây dựng dự án cá nhân hoặc làm freelance
- Tiếp tục học lên chuyên sâu hơn hoặc học song song công nghệ khác

Giảng viên hướng dẫn: Joshua Barnes",1607263,DevOps & Tools
Khóa học Khoa học máy tính nền tảng,"Khóa học ""Khoa học máy tính nền tảng"" là lựa chọn lý tưởng dành cho những ai mong muốn tiếp cận và làm chủ công nghệ hiện đại này. Thông qua các bài giảng chi tiết, bạn sẽ nắm vững lý thuyết và áp dụng vào thực hành với các ví dụ thực tế. Khóa học được thiết kế bài bản, từ cơ bản đến nâng cao, giúp bạn từng bước phát triển kỹ năng vững chắc.

✅ Điểm nổi bật:
- Học qua video, tài liệu và bài tập tương tác
- Giảng viên là chuyên gia với nhiều năm kinh nghiệm
- Cập nhật kiến thức mới nhất, bám sát nhu cầu thị trường
- Dự án cuối khóa giúp bạn xây dựng sản phẩm thực tế

📚 Nội dung khóa học:
- Tổng quan và giới thiệu về Khoa học máy tính nền tảng
- Các khái niệm cốt lõi, kỹ thuật và công cụ hỗ trợ
- Các bài thực hành và dự án mô phỏng công việc thực tế
- Tối ưu kỹ năng và áp dụng vào công việc

🎓 Sau khóa học, bạn có thể:
- Ứng tuyển các vị trí liên quan đến Khoa học máy tính nền tảng
- Xây dựng dự án cá nhân hoặc làm freelance
- Tiếp tục học lên chuyên sâu hơn hoặc học song song công nghệ khác

Giảng viên hướng dẫn: Jessica Ball",1817299,Programming Foundations
Khóa học Thuật toán và cấu trúc dữ liệu,"Khóa học ""Thuật toán và cấu trúc dữ liệu"" là lựa chọn lý tưởng dành cho những ai mong muốn tiếp cận và làm chủ công nghệ hiện đại này. Thông qua các bài giảng chi tiết, bạn sẽ nắm vững lý thuyết và áp dụng vào thực hành với các ví dụ thực tế. Khóa học được thiết kế bài bản, từ cơ bản đến nâng cao, giúp bạn từng bước phát triển kỹ năng vững chắc.

✅ Điểm nổi bật:
- Học qua video, tài liệu và bài tập tương tác
- Giảng viên là chuyên gia với nhiều năm kinh nghiệm
- Cập nhật kiến thức mới nhất, bám sát nhu cầu thị trường
- Dự án cuối khóa giúp bạn xây dựng sản phẩm thực tế

📚 Nội dung khóa học:
- Tổng quan và giới thiệu về Thuật toán và cấu trúc dữ liệu
- Các khái niệm cốt lõi, kỹ thuật và công cụ hỗ trợ
- Các bài thực hành và dự án mô phỏng công việc thực tế
- Tối ưu kỹ năng và áp dụng vào công việc

🎓 Sau khóa học, bạn có thể:
- Ứng tuyển các vị trí liên quan đến Thuật toán và cấu trúc dữ liệu
- Xây dựng dự án cá nhân hoặc làm freelance
- Tiếp tục học lên chuyên sâu hơn hoặc học song song công nghệ khác

Giảng viên hướng dẫn: Terri Ray",1298031,Programming Foundations
